config,balanced_acc,accuracy,recall_mci,recall_cn,precision_mci,precision_cn,f1_mci,f1_cn,f1_macro,auc,mci_weight,gamma,lr,wd
0,0.5948819433663353,0.6902551152551152,0.4378691132350736,0.7518947734975969,0.4422998917993758,0.7610651469678212,0.42491191711587795,0.7547976554917339,0.5898547863038061,0.6389748455596668,1.25,0.5,0.001,0.0005
1,0.5505573297686583,0.6389989639989638,0.40291390575174674,0.6982007537855701,0.39939456965443354,0.7021601281386751,0.3916556028545346,0.6992388097893213,0.5454472063219279,0.5875054903190282,1.25,0.5,0.001,0.001
2,0.4753878429180299,0.5232161357161358,0.39907044938202996,0.5517052364540298,0.32403749768370954,0.5960076005987957,0.35199287919109884,0.5717786311231554,0.4618857551571271,0.5011716996832097,1.25,0.5,0.003,0.0005
3,0.5478685355057722,0.6200110075110075,0.4259611583137865,0.6697759126977577,0.37797705246365065,0.7003800340598157,0.3905555861255736,0.6833993311146718,0.5369774586201227,0.5787324380816262,1.25,0.5,0.003,0.001
4,0.6327821888294783,0.7263047138047138,0.4795717346467398,0.7859926430122169,0.4422926839295024,0.8187855348993563,0.44376024058474545,0.7990074946351972,0.6213838676099713,0.6825808917042392,1.25,0.75,0.001,0.0005
5,0.6824874676306474,0.7911357161357162,0.5011117255496773,0.8638632097116173,0.48203379661274404,0.8745114120408726,0.4840844129554005,0.8683570421317874,0.6762207275435939,0.7264379950088471,1.25,0.75,0.001,0.001
6,0.6984037932317965,0.785146335146335,0.5543315249466348,0.8424760615169584,0.485870552416608,0.8843211799646201,0.5061664670024606,0.8612659541691949,0.6837162105858278,0.7470930012956154,1.25,0.75,0.003,0.0005
7,0.607640730918961,0.6712639212639213,0.5022925699938049,0.7129888918441171,0.40341602067820476,0.7709131138691775,0.43506424471690736,0.7376713036051779,0.5863677741610425,0.6533090822058601,1.25,0.75,0.003,0.001
8,0.6899100437863475,0.7837606837606839,0.5339083703967487,0.8459117171759462,0.4739970629952953,0.8798514603657867,0.49320217515789155,0.8615769258747074,0.6773895505162993,0.7271905230523227,1.25,1.0,0.001,0.0005
9,0.6914794921885163,0.7874255374255376,0.5319056144490486,0.8510533699279839,0.49511523624179193,0.8808637141066259,0.49461381490998374,0.8637066582798675,0.6791602365949257,0.7359157174288401,1.25,1.0,0.001,0.001
10,0.7066511489025488,0.7535191660191659,0.6287048767925597,0.784597421012538,0.431319723492957,0.8973676001257528,0.5017505527369972,0.833354151225866,0.6675523519814316,0.7392283090733272,1.25,1.0,0.003,0.0005
11,0.7019981364620435,0.761483423983424,0.6020197983599583,0.8019764745641288,0.4584236870377438,0.8948141002822934,0.49985536802375996,0.8387528560610998,0.6693041120424298,0.7475133427588145,1.25,1.0,0.003,0.001
12,0.6973595235178223,0.780532893032893,0.5604735471457898,0.8342454998898549,0.46891586779657285,0.8854085491568042,0.5037841373667982,0.8575491627146551,0.6806666500407267,0.7342591517950544,1.5,0.5,0.001,0.0005
13,0.6844246665251197,0.7759518259518258,0.5329088740625667,0.8359404589876729,0.47265096250576544,0.8789810914622064,0.4858606062030189,0.8542865367843088,0.6700735714936639,0.7231454567944481,1.5,0.5,0.001,0.001
14,0.664907996118918,0.7170907795907795,0.5783311294940491,0.7514848627437869,0.42654902831259367,0.8381460039563174,0.47529865387247044,0.789955248709811,0.6326269512911407,0.6952723902731386,1.5,0.5,0.003,0.0005
15,0.6132079911598628,0.6539918414918414,0.5485466053351751,0.6778693769845507,0.39651720886449626,0.7800429595636101,0.44350170703673547,0.7190661317213337,0.5812839193790347,0.6530990528494747,1.5,0.5,0.003,0.001
16,0.711738305520251,0.7786842786842786,0.6017211140457868,0.8217554969947155,0.4607028187630481,0.8932632429180825,0.517673924251545,0.8550676288335737,0.6863707765425592,0.7460995812326121,1.5,0.75,0.001,0.0005
17,0.6960589895821985,0.7652227402227401,0.5814834249403303,0.8106345542240665,0.44456843026751786,0.88741031940113,0.4951359511105621,0.8450703882251941,0.670103169667878,0.741591410795549,1.5,0.75,0.001,0.001
18,0.5648864470454146,0.6153133903133904,0.4810316667721173,0.6487412273187121,0.3613223054069736,0.7146285143228253,0.4013838802405315,0.6784398100399927,0.539911845140262,0.6100902556172169,1.5,0.75,0.003,0.0005
19,0.6066673676208222,0.6642191142191141,0.5120747296431372,0.7012600055985075,0.3915658069222721,0.7727610285895624,0.4301360961548545,0.7325306662305964,0.5813333811927255,0.6433407854493386,1.5,0.75,0.003,0.001
20,0.7023223336861371,0.7712250712250712,0.5892038711915301,0.8154407961807439,0.44732985114196205,0.8901882006692002,0.5016847036470113,0.8499456622934437,0.6758151829702276,0.7317915459128267,1.5,1.0,0.001,0.0005
21,0.6919930050569132,0.7828768453768454,0.5417431417487177,0.8422428683651086,0.4656294029125499,0.8816152648816491,0.4942783620894467,0.8605752989835835,0.6774268305365151,0.7400081730604123,1.5,1.0,0.001,0.001
22,0.7111288673999407,0.7577926702926703,0.6335483151202994,0.7887094196795821,0.446726517331897,0.8975393370823441,0.5100443875443175,0.8370342991818874,0.6735393433631025,0.7454980277585145,1.5,1.0,0.003,0.0005
23,0.7152404645075191,0.7434278684278685,0.6686670545126325,0.7618138745024056,0.42901966371345907,0.9037326867968727,0.5128602882436315,0.8223128133642839,0.6675865508039577,0.7524320722713529,1.5,1.0,0.003,0.001
24,0.7111596730399126,0.7791925666925666,0.5965509304543013,0.825768415625524,0.48152781806623585,0.892682163841074,0.5171214362143731,0.8551617589218179,0.6861415975680956,0.7512515845274481,1.75,0.5,0.001,0.0005
25,0.6452175372501454,0.7296620046620047,0.5046092468569275,0.7858258276433633,0.45171050260537116,0.8221386941177762,0.45903605668233444,0.8018651409619185,0.6304505988221265,0.6807000257077942,1.75,0.5,0.001,0.001
26,0.6209401419358489,0.6522630147630147,0.5698398941600301,0.6720403897116678,0.3798599624750967,0.7815136712455613,0.45019292536179145,0.7197167628512108,0.5849548441065011,0.6536822252922622,1.75,0.5,0.003,0.0005
27,0.5312160441058192,0.5551152551152552,0.49279894311052364,0.5696331451011147,0.32447513998417593,0.6636565347884925,0.38693961438198854,0.6112655170606042,0.4991025657212964,0.5589846169556801,1.75,0.5,0.003,0.001
28,0.7002203776919252,0.7679778554778555,0.5864820030326839,0.8139587523511664,0.44753303544401946,0.888856169671776,0.4975135430601924,0.8479224453643013,0.672717994212247,0.7361442558918952,1.75,0.75,0.001,0.0005
29,0.6992592253232611,0.7814814814814816,0.5648439784176091,0.8336744722289133,0.4719333684142742,0.8867131590210131,0.5055893864445444,0.8578080746932029,0.6816987305688735,0.7377824587765631,1.75,0.75,0.001,0.001
30,0.6605971044761237,0.7267773892773893,0.55221482877431,0.7689793801779374,0.425504715648253,0.8326415863517134,0.477397472985991,0.7989672838160845,0.6381823784010378,0.7084586512885781,1.75,0.75,0.003,0.0005
31,0.5640170384794508,0.6166245791245791,0.4774229768801174,0.6506111000787843,0.37737809978908443,0.715287096652397,0.4027023011740786,0.6780674866062822,0.5403848938901805,0.6096492199292887,1.75,0.75,0.003,0.001
32,0.7152582506967242,0.7744690494690494,0.616987975071552,0.8135285263218964,0.45531985519851403,0.896076728049031,0.5185334095195772,0.8517383644563989,0.6851358869879881,0.7546351667184796,1.75,1.0,0.001,0.0005
33,0.7056712203498728,0.7656371406371406,0.6038465868484825,0.8074958538512634,0.44340414928799926,0.8924670975963488,0.5019862917179014,0.8456637856861218,0.6738250387020114,0.7388932700669028,1.75,1.0,0.001,0.001
34,0.7130292250434553,0.7591135716135715,0.6359621332487461,0.7900963168381646,0.44188648825348426,0.8990195319853099,0.5103460147278802,0.8381048602133631,0.6742254374706216,0.7430284808997789,1.75,1.0,0.003,0.0005
35,0.7168670117614622,0.7465552965552966,0.6679369614769278,0.7657970620459966,0.4214322978372063,0.9039355783025446,0.5106323436033431,0.826865722568857,0.6687490330861,0.75128182411437,1.75,1.0,0.003,0.001
36,0.6553869983637158,0.7078606578606579,0.5668567258310527,0.743917270896379,0.4028157882308825,0.832289420250696,0.46404220737220275,0.7839799088335989,0.6240110581029009,0.6932324581954326,2.0,0.5,0.001,0.0005
37,0.7026690835748775,0.7655529655529655,0.5975723152057187,0.8077658519440365,0.4512422236935387,0.891289067385888,0.4995863116511602,0.8446144400569897,0.6721003758540751,0.7439745880367225,2.0,0.5,0.001,0.001
38,0.6243191769463794,0.6546102046102046,0.5731819172728889,0.6754564366198701,0.380739012384619,0.7829874597149084,0.44830158195525427,0.7226337801085646,0.5854676810319095,0.6604139523161021,2.0,0.5,0.003,0.0005
39,0.5696012405568651,0.5939750064750065,0.5293014475738673,0.6099010335398629,0.3314808446850487,0.7220486553921688,0.40106864232728356,0.6596277978800099,0.5303482201036468,0.6003288062310941,2.0,0.5,0.003,0.001
40,0.7079723267539028,0.7874902874902875,0.5760729106929442,0.8398717428148618,0.4772138938372797,0.8883778860850261,0.5178512919613335,0.8628869561447783,0.690369124053056,0.7459189630137726,2.0,0.75,0.001,0.0005
41,0.7094440942510487,0.761451048951049,0.6218488524923165,0.7970393360097806,0.44191369755185317,0.8951674318502653,0.5073130808897814,0.8411394593907839,0.6742262701402827,0.7394003639232629,2.0,0.75,0.001,0.001
42,0.6567034243635429,0.6895428645428645,0.6010681833045226,0.7123386654225631,0.3934195451806657,0.8380331445008163,0.46176085297918446,0.7662458693950105,0.6140033611870973,0.6995802491074475,2.0,0.75,0.003,0.0005
43,0.6682708042052229,0.7021982646982646,0.6116645317035823,0.7248770767068632,0.4048193914042518,0.8425008007875938,0.4762868309636655,0.7772215806600091,0.6267542058118373,0.7130871575740353,2.0,0.75,0.003,0.001
44,0.7069920398299951,0.7745467495467496,0.5945395033669683,0.8194445762930223,0.4561791128300836,0.8909062813371981,0.5101834411758487,0.8524961925989734,0.681339816887411,0.7528076077266187,2.0,1.0,0.001,0.0005
45,0.7103376903835297,0.7675343175343177,0.6139496829922015,0.8067256977748581,0.44676846815284726,0.8940221357347922,0.5105653966495344,0.8470206927347365,0.6787930446921354,0.7454707262974888,2.0,1.0,0.001,0.001
46,0.7155514177525322,0.7643680393680393,0.6343454360373415,0.7967573994677226,0.46618177023783064,0.8979325997669155,0.522009045995241,0.8412951148635988,0.6816520804294199,0.7457143784569882,2.0,1.0,0.003,0.0005
47,0.7135112304652131,0.7702667702667704,0.6200091599942719,0.8070133009361542,0.45123095632526994,0.8964669747237607,0.5162963734234111,0.8479979068374781,0.6821471401304445,0.7509389510787474,2.0,1.0,0.003,0.001
